{"loss": [0.693513810634613, 0.6754096746444702, 0.6449817419052124, 0.5910148620605469, 0.501250147819519, 0.4475390315055847, 0.3672989010810852, 0.25582221150398254, 0.18478962779045105, 0.1348835974931717, 0.09863366186618805, 0.08302052319049835, 0.06766608357429504, 0.05291261896491051, 0.04942593351006508, 0.04606061428785324, 0.035524822771549225, 0.03174668177962303, 0.024444829672574997, 0.024677250534296036, 0.01976335421204567, 0.018417969346046448, 0.01790071278810501, 0.013356462121009827, 0.009494749829173088, 0.010418319143354893, 0.010981511324644089, 0.007225167937576771, 0.005760629195719957, 0.003725578309968114, 0.004458874464035034, 0.0025828778743743896, 0.0029317333828657866, 0.003215816104784608, 0.002904654946178198, 0.0020463704131543636, 0.00240546022541821, 0.0018288199789822102, 0.0014652237296104431, 0.0012519733281806111, 0.0016515866154804826, 0.0008607165655121207, 0.0018456077668815851, 0.0011415696935728192, 0.0008594819810241461], "accuracy": [0.5078125, 0.82421875, 0.91796875, 0.8671875, 0.84375, 0.921875, 0.921875, 0.90625, 0.94140625, 0.97265625, 0.97265625, 0.9765625, 0.99609375, 0.9921875, 0.98828125, 0.984375, 0.9921875, 0.99609375, 0.99609375, 0.99609375, 0.99609375, 0.99609375, 0.99609375, 1.0, 1.0, 1.0, 0.99609375, 1.0, 1.0, 1.0, 1.0, 1.0, 1.0, 1.0, 1.0, 1.0, 1.0, 1.0, 1.0, 1.0, 1.0, 1.0, 1.0, 1.0, 1.0], "val_loss": [0.6855485439300537, 0.6730160713195801, 0.6397693753242493, 0.5891837477684021, 0.5610363483428955, 0.5136728882789612, 0.4473375082015991, 0.4185894727706909, 0.32851096987724304, 0.25592151284217834, 0.23509064316749573, 0.2374914288520813, 0.2131786048412323, 0.1847640424966812, 0.17471948266029358, 0.17350685596466064, 0.16441279649734497, 0.161245658993721, 0.15857893228530884, 0.15728257596492767, 0.1609722226858139, 0.15166595578193665, 0.147445946931839, 0.14416930079460144, 0.14297372102737427, 0.15642417967319489, 0.13931021094322205, 0.14666423201560974, 0.13506095111370087, 0.15284886956214905, 0.16104741394519806, 0.1675851196050644, 0.1544760763645172, 0.14893227815628052, 0.13976189494132996, 0.13521191477775574, 0.1339530050754547, 0.14660590887069702, 0.1591549813747406, 0.1574268341064453, 0.18747839331626892, 0.19026154279708862, 0.14767958223819733, 0.1449510157108307, 0.18210819363594055], "val_accuracy": [0.625, 0.875, 0.875, 0.65625, 0.78125, 0.78125, 0.796875, 0.8125, 0.90625, 0.90625, 0.9375, 0.9375, 0.9375, 0.9375, 0.90625, 0.90625, 0.9375, 0.9375, 0.9375, 0.921875, 0.9375, 0.921875, 0.9375, 0.9375, 0.9375, 0.921875, 0.9375, 0.9375, 0.9375, 0.9375, 0.9375, 0.9375, 0.9375, 0.9375, 0.9375, 0.921875, 0.921875, 0.921875, 0.921875, 0.921875, 0.9375, 0.9375, 0.953125, 0.953125, 0.9375]}